,files
0,/1/1.jpg
1,/1/2.jpg
2,/1/3.jpg
3,/10/1.jpg
4,/10/2.jpg
5,/10/3.jpg
6,/100/1.jpg
7,/100/2.jpg
8,/100/3.jpg
9,/101/1.jpg
10,/101/2.jpg
11,/101/3.jpg
12,/102/1.jpg
13,/102/2.jpg
14,/102/3.jpg
15,/103/1.jpg
16,/103/2.jpg
17,/103/3.jpg
18,/104/1.jpg
19,/104/2.jpg
20,/104/3.jpg
21,/105/1.jpg
22,/105/2.jpg
23,/105/3.jpg
24,/106/1.jpg
25,/106/2.jpg
26,/106/3.jpg
27,/107/1.jpg
28,/107/2.jpg
29,/107/3.jpg
30,/108/1.jpg
31,/108/2.jpg
32,/108/3.jpg
33,/109/1.jpg
34,/109/2.jpg
35,/109/3.jpg
36,/11/1.jpg
37,/11/2.jpg
38,/11/3.jpg
39,/110/1.jpg
40,/110/2.jpg
41,/110/3.jpg
42,/111/1.jpg
43,/111/2.jpg
44,/111/3.jpg
45,/112/1.jpg
46,/112/2.jpg
47,/112/3.jpg
48,/113/1.jpg
49,/113/2.jpg
50,/113/3.jpg
51,/114/1.jpg
52,/114/2.jpg
53,/114/3.jpg
54,/115/1.jpg
55,/115/2.jpg
56,/115/3.jpg
57,/116/1.jpg
58,/116/2.jpg
59,/116/3.jpg
60,/117/1.jpg
61,/117/2.jpg
62,/117/3.jpg
63,/118/1.jpg
64,/118/2.jpg
65,/118/3.jpg
66,/119/1.jpg
67,/119/2.jpg
68,/119/3.jpg
69,/12/1.jpg
70,/12/2.jpg
71,/12/3.jpg
72,/120/1.jpg
73,/120/2.jpg
74,/120/3.jpg
75,/121/1.jpg
76,/121/2.jpg
77,/121/3.jpg
78,/122/1.jpg
79,/122/2.jpg
80,/122/3.jpg
81,/123/1.jpg
82,/123/2.jpg
83,/123/3.jpg
84,/124/1.jpg
85,/124/2.jpg
86,/124/3.jpg
87,/125/1.jpg
88,/125/2.jpg
89,/125/3.jpg
90,/126/1.jpg
91,/126/2.jpg
92,/126/3.jpg
93,/127/1.jpg
94,/127/2.jpg
95,/127/3.jpg
96,/128/1.jpg
97,/128/2.jpg
98,/128/3.jpg
99,/129/1.jpg
100,/129/2.jpg
101,/129/3.jpg
102,/13/1.jpg
103,/13/2.jpg
104,/13/3.jpg
105,/130/1.jpg
106,/130/2.jpg
107,/130/3.jpg
108,/131/1.jpg
109,/131/2.jpg
110,/131/3.jpg
111,/132/1.jpg
112,/132/2.jpg
113,/132/3.jpg
114,/133/1.jpg
115,/133/2.jpg
116,/133/3.jpg
117,/134/1.jpg
118,/134/2.jpg
119,/134/3.jpg
120,/135/1.jpg
121,/135/2.jpg
122,/135/3.jpg
123,/136/1.jpg
124,/136/2.jpg
125,/136/3.jpg
126,/137/1.jpg
127,/137/2.jpg
128,/137/3.jpg
129,/138/1.jpg
130,/138/2.jpg
131,/138/3.jpg
132,/139/1.jpg
133,/139/2.jpg
134,/139/3.jpg
135,/14/1.jpg
136,/14/2.jpg
137,/14/3.jpg
138,/140/1.jpg
139,/140/2.jpg
140,/140/3.jpg
141,/141/1.jpg
142,/141/2.jpg
143,/141/3.jpg
144,/142/1.jpg
145,/142/2.jpg
146,/142/3.jpg
147,/143/1.jpg
148,/143/2.jpg
149,/143/3.jpg
150,/144/1.jpg
151,/144/2.jpg
152,/144/3.jpg
153,/145/1.jpg
154,/145/2.jpg
155,/145/3.jpg
156,/146/1.jpg
157,/146/2.jpg
158,/146/3.jpg
159,/147/1.jpg
160,/147/2.jpg
161,/147/3.jpg
162,/148/1.jpg
163,/148/2.jpg
164,/148/3.jpg
165,/149/1.jpg
166,/149/2.jpg
167,/149/3.jpg
168,/15/1.jpg
169,/15/2.jpg
170,/15/3.jpg
171,/150/1.jpg
172,/150/2.jpg
173,/150/3.jpg
174,/151/1.jpg
175,/151/2.jpg
176,/151/3.jpg
177,/152/1.jpg
178,/152/2.jpg
179,/152/3.jpg
180,/153/1.jpg
181,/153/2.jpg
182,/153/3.jpg
183,/154/1.jpg
184,/154/2.jpg
185,/154/3.jpg
186,/155/1.jpg
187,/155/2.jpg
188,/155/3.jpg
189,/156/1.jpg
190,/156/2.jpg
191,/156/3.jpg
192,/157/1.jpg
193,/157/2.jpg
194,/157/3.jpg
195,/158/1.jpg
196,/158/2.jpg
197,/158/3.jpg
198,/159/1.jpg
199,/159/2.jpg
200,/159/3.jpg
201,/16/1.jpg
202,/16/2.jpg
203,/16/3.jpg
204,/160/1.jpg
205,/160/2.jpg
206,/160/3.jpg
207,/161/1.jpg
208,/161/2.jpg
209,/161/3.jpg
210,/162/1.jpg
211,/162/2.jpg
212,/162/3.jpg
213,/163/1.jpg
214,/163/2.jpg
215,/163/3.jpg
216,/164/1.jpg
217,/164/2.jpg
218,/164/3.jpg
219,/165/1.jpg
220,/165/2.jpg
221,/165/3.jpg
222,/166/1.jpg
223,/166/2.jpg
224,/166/3.jpg
225,/167/1.jpg
226,/167/2.jpg
227,/167/3.jpg
228,/168/1.jpg
229,/168/2.jpg
230,/168/3.jpg
231,/169/1.jpg
232,/169/2.jpg
233,/169/3.jpg
234,/17/1.jpg
235,/17/2.jpg
236,/17/3.jpg
237,/170/1.jpg
238,/170/2.jpg
239,/170/3.jpg
240,/171/1.jpg
241,/171/2.jpg
242,/171/3.jpg
243,/172/1.jpg
244,/172/2.jpg
245,/172/3.jpg
246,/173/1.jpg
247,/173/2.jpg
248,/173/3.jpg
249,/174/1.jpg
250,/174/2.jpg
251,/174/3.jpg
252,/175/1.jpg
253,/175/2.jpg
254,/175/3.jpg
255,/176/1.jpg
256,/176/2.jpg
257,/176/3.jpg
258,/177/1.jpg
259,/177/2.jpg
260,/177/3.jpg
261,/178/1.jpg
262,/178/2.jpg
263,/178/3.jpg
264,/179/1.jpg
265,/179/2.jpg
266,/179/3.jpg
267,/18/1.jpg
268,/18/2.jpg
269,/18/3.jpg
270,/180/1.jpg
271,/180/2.jpg
272,/180/3.jpg
273,/181/1.jpg
274,/181/2.jpg
275,/181/3.jpg
276,/182/1.jpg
277,/182/2.jpg
278,/182/3.jpg
279,/183/1.jpg
280,/183/2.jpg
281,/183/3.jpg
282,/184/1.jpg
283,/184/2.jpg
284,/184/3.jpg
285,/185/1.jpg
286,/185/2.jpg
287,/185/3.jpg
288,/186/1.jpg
289,/186/2.jpg
290,/186/3.jpg
291,/187/1.jpg
292,/187/2.jpg
293,/187/3.jpg
294,/188/1.jpg
295,/188/2.jpg
296,/188/3.jpg
297,/189/1.jpg
298,/189/2.jpg
299,/189/3.jpg
300,/19/1.jpg
301,/19/2.jpg
302,/19/3.jpg
303,/190/1.jpg
304,/190/2.jpg
305,/190/3.jpg
306,/191/1.jpg
307,/191/2.jpg
308,/191/3.jpg
309,/192/1.jpg
310,/192/2.jpg
311,/192/3.jpg
312,/193/1.jpg
313,/193/2.jpg
314,/193/3.jpg
315,/194/1.jpg
316,/194/2.jpg
317,/194/3.jpg
318,/195/1.jpg
319,/195/2.jpg
320,/195/3.jpg
321,/196/1.jpg
322,/196/2.jpg
323,/196/3.jpg
324,/197/1.jpg
325,/197/2.jpg
326,/197/3.jpg
327,/198/1.jpg
328,/198/2.jpg
329,/198/3.jpg
330,/199/1.jpg
331,/199/2.jpg
332,/199/3.jpg
333,/2/1.jpg
334,/2/2.jpg
335,/2/3.jpg
336,/20/1.jpg
337,/20/2.jpg
338,/20/3.jpg
339,/200/1.jpg
340,/200/2.jpg
341,/200/3.jpg
342,/201/1.jpg
343,/201/2.jpg
344,/201/3.jpg
345,/202/1.jpg
346,/202/2.jpg
347,/202/3.jpg
348,/203/1.jpg
349,/203/2.jpg
350,/203/3.jpg
351,/204/1.jpg
352,/204/2.jpg
353,/204/3.jpg
354,/205/1.jpg
355,/205/2.jpg
356,/205/3.jpg
357,/206/1.jpg
358,/206/2.jpg
359,/206/3.jpg
360,/207/1.jpg
361,/207/2.jpg
362,/207/3.jpg
363,/208/1.jpg
364,/208/2.jpg
365,/208/3.jpg
366,/209/1.jpg
367,/209/2.jpg
368,/209/3.jpg
369,/21/1.jpg
370,/21/2.jpg
371,/21/3.jpg
372,/210/1.jpg
373,/210/2.jpg
374,/210/3.jpg
375,/211/1.jpg
376,/211/2.jpg
377,/211/3.jpg
378,/212/1.jpg
379,/212/2.jpg
380,/212/3.jpg
381,/213/1.jpg
382,/213/2.jpg
383,/213/3.jpg
384,/214/1.jpg
385,/214/2.jpg
386,/214/3.jpg
387,/215/1.jpg
388,/215/2.jpg
389,/215/3.jpg
390,/216/1.jpg
391,/216/2.jpg
392,/216/3.jpg
393,/217/1.jpg
394,/217/2.jpg
395,/217/3.jpg
396,/218/1.jpg
397,/218/2.jpg
398,/218/3.jpg
399,/219/1.jpg
400,/219/2.jpg
401,/219/3.jpg
402,/22/1.jpg
403,/22/2.jpg
404,/22/3.jpg
405,/220/1.jpg
406,/220/2.jpg
407,/220/3.jpg
408,/221/1.jpg
409,/221/2.jpg
410,/221/3.jpg
411,/222/1.jpg
412,/222/2.jpg
413,/222/3.jpg
414,/223/1.jpg
415,/223/2.jpg
416,/223/3.jpg
417,/224/1.jpg
418,/224/2.jpg
419,/224/3.jpg
420,/225/1.jpg
421,/225/2.jpg
422,/225/3.jpg
423,/226/1.jpg
424,/226/2.jpg
425,/226/3.jpg
426,/227/1.jpg
427,/227/2.jpg
428,/227/3.jpg
429,/228/1.jpg
430,/228/2.jpg
431,/228/3.jpg
432,/229/1.jpg
433,/229/2.jpg
434,/229/3.jpg
435,/23/1.jpg
436,/23/2.jpg
437,/23/3.jpg
438,/24/1.jpg
439,/24/2.jpg
440,/24/3.jpg
441,/25/1.jpg
442,/25/2.jpg
443,/25/3.jpg
444,/26/1.jpg
445,/26/2.jpg
446,/26/3.jpg
447,/27/1.jpg
448,/27/2.jpg
449,/27/3.jpg
450,/28/1.jpg
451,/28/2.jpg
452,/28/3.jpg
453,/29/1.jpg
454,/29/2.jpg
455,/29/3.jpg
456,/3/1.jpg
457,/3/2.jpg
458,/3/3.jpg
459,/30/1.jpg
460,/30/2.jpg
461,/30/3.jpg
462,/31/1.jpg
463,/31/2.jpg
464,/31/3.jpg
465,/32/1.jpg
466,/32/2.jpg
467,/32/3.jpg
468,/33/1.jpg
469,/33/2.jpg
470,/33/3.jpg
471,/34/1.jpg
472,/34/2.jpg
473,/34/3.jpg
474,/35/1.jpg
475,/35/2.jpg
476,/35/3.jpg
477,/36/1.jpg
478,/36/2.jpg
479,/36/3.jpg
480,/37/1.jpg
481,/37/2.jpg
482,/37/3.jpg
483,/38/1.jpg
484,/38/2.jpg
485,/38/3.jpg
486,/39/1.jpg
487,/39/2.jpg
488,/39/3.jpg
489,/4/1.jpg
490,/4/2.jpg
491,/4/3.jpg
492,/40/1.jpg
493,/40/2.jpg
494,/40/3.jpg
495,/41/1.jpg
496,/41/2.jpg
497,/41/3.jpg
498,/42/1.jpg
499,/42/2.jpg
500,/42/3.jpg
501,/43/1.jpg
502,/43/2.jpg
503,/43/3.jpg
504,/44/1.jpg
505,/44/2.jpg
506,/44/3.jpg
507,/45/1.jpg
508,/45/2.jpg
509,/45/3.jpg
510,/46/1.jpg
511,/46/2.jpg
512,/46/3.jpg
513,/47/1.jpg
514,/47/2.jpg
515,/47/3.jpg
516,/48/1.jpg
517,/48/2.jpg
518,/48/3.jpg
519,/49/1.jpg
520,/49/2.jpg
521,/49/3.jpg
522,/5/1.jpg
523,/5/2.jpg
524,/5/3.jpg
525,/50/1.jpg
526,/50/2.jpg
527,/50/3.jpg
528,/51/1.jpg
529,/51/2.jpg
530,/51/3.jpg
531,/52/1.jpg
532,/52/2.jpg
533,/52/3.jpg
534,/53/1.jpg
535,/53/2.jpg
536,/53/3.jpg
537,/54/1.jpg
538,/54/2.jpg
539,/54/3.jpg
540,/55/1.jpg
541,/55/2.jpg
542,/55/3.jpg
543,/56/1.jpg
544,/56/2.jpg
545,/56/3.jpg
546,/57/1.jpg
547,/57/2.jpg
548,/57/3.jpg
549,/58/1.jpg
550,/58/2.jpg
551,/58/3.jpg
552,/59/1.jpg
553,/59/2.jpg
554,/59/3.jpg
555,/6/1.jpg
556,/6/2.jpg
557,/6/3.jpg
558,/60/1.jpg
559,/60/2.jpg
560,/60/3.jpg
561,/61/1.jpg
562,/61/2.jpg
563,/61/3.jpg
564,/62/1.jpg
565,/62/2.jpg
566,/62/3.jpg
567,/63/1.jpg
568,/63/2.jpg
569,/63/3.jpg
570,/64/1.jpg
571,/64/2.jpg
572,/64/3.jpg
573,/65/1.jpg
574,/65/2.jpg
575,/65/3.jpg
576,/66/1.jpg
577,/66/2.jpg
578,/66/3.jpg
579,/67/1.jpg
580,/67/2.jpg
581,/67/3.jpg
582,/68/1.jpg
583,/68/2.jpg
584,/68/3.jpg
585,/69/1.jpg
586,/69/2.jpg
587,/69/3.jpg
588,/7/1.jpg
589,/7/2.jpg
590,/7/3.jpg
591,/70/1.jpg
592,/70/2.jpg
593,/70/3.jpg
594,/71/1.jpg
595,/71/2.jpg
596,/71/3.jpg
597,/72/1.jpg
598,/72/2.jpg
599,/72/3.jpg
600,/73/1.jpg
601,/73/2.jpg
602,/73/3.jpg
603,/74/1.jpg
604,/74/2.jpg
605,/74/3.jpg
606,/75/1.jpg
607,/75/2.jpg
608,/75/3.jpg
609,/76/1.jpg
610,/76/2.jpg
611,/76/3.jpg
612,/77/1.jpg
613,/77/2.jpg
614,/77/3.jpg
615,/78/1.jpg
616,/78/2.jpg
617,/78/3.jpg
618,/79/1.jpg
619,/79/2.jpg
620,/79/3.jpg
621,/8/1.jpg
622,/8/2.jpg
623,/8/3.jpg
624,/80/1.jpg
625,/80/2.jpg
626,/80/3.jpg
627,/81/1.jpg
628,/81/2.jpg
629,/81/3.jpg
630,/82/1.jpg
631,/82/2.jpg
632,/82/3.jpg
633,/83/1.jpg
634,/83/2.jpg
635,/83/3.jpg
636,/84/1.jpg
637,/84/2.jpg
638,/84/3.jpg
639,/85/1.jpg
640,/85/2.jpg
641,/85/3.jpg
642,/86/1.jpg
643,/86/2.jpg
644,/86/3.jpg
645,/87/1.jpg
646,/87/2.jpg
647,/87/3.jpg
648,/88/1.jpg
649,/88/2.jpg
650,/88/3.jpg
651,/89/1.jpg
652,/89/2.jpg
653,/89/3.jpg
654,/9/1.jpg
655,/9/2.jpg
656,/9/3.jpg
657,/90/1.jpg
658,/90/2.jpg
659,/90/3.jpg
660,/91/1.jpg
661,/91/2.jpg
662,/91/3.jpg
663,/92/1.jpg
664,/92/2.jpg
665,/92/3.jpg
666,/93/1.jpg
667,/93/2.jpg
668,/93/3.jpg
669,/94/1.jpg
670,/94/2.jpg
671,/94/3.jpg
672,/95/1.jpg
673,/95/2.jpg
674,/95/3.jpg
675,/96/1.jpg
676,/96/2.jpg
677,/96/3.jpg
678,/97/1.jpg
679,/97/2.jpg
680,/97/3.jpg
681,/98/1.jpg
682,/98/2.jpg
683,/98/3.jpg
684,/99/1.jpg
685,/99/2.jpg
686,/99/3.jpg
